INSERT INTO Employee (employee_id, name, role, salary, contact, email, hire_date) VALUES
(1, 'Rajesh Kumar', 'Pharmacist', 35000.00, '9876543210', 'rajesh.kumar@pharmacy.com', '2015-06-12'),
(2, 'Madhurima Ghosh', 'Pharmacy Assistant', 25000.00, '9876543370', 'madhurima.ghosh@pharmacy.com', '2020-02-28'),
(3, 'Sandeep Reddy', 'Pharmacist', 40000.00, '9876543230', 'sandeep.reddy@pharmacy.com', '2018-09-15'),
(4, 'Priya Verma', 'Pharmacy Assistant', 25000.00, '9876543240', 'priya.verma@pharmacy.com', '2017-01-25'),
(5, 'Vikram Singh', 'Pharmacy Technician', 30000.00, '9876543250', 'vikram.singh@pharmacy.com', '2020-03-30'),
(6, 'Anirban Dutta', 'Pharmacist', 38000.00, '9876543360', 'anirban.dutta@pharmacy.com', '2017-05-10'),
(7, 'Meera Gupta', 'Pharmacy Manager', 55000.00, '9876543270', 'meera.gupta@pharmacy.com', '2012-02-05'),
(8, 'Sourav Banerjee', 'Sales Executive', 23000.00, '9876543380', 'sourav.banerjee@pharmacy.com', '2018-11-13'),
(9, 'Tanya Das', 'Customer Service', 27000.00, '9876543390', 'tanya.das@pharmacy.com', '2021-06-05'),
(10, 'Karan Kumar', 'Pharmacist', 45000.00, '9876543300', 'karan.kumar@pharmacy.com', '2016-05-15'),
(11, 'Anjali Mehta', 'HR Manager', 65000.00, '9876543310', 'anjali.mehta@pharmacy.com', '2011-09-01'),
(12, 'Vijay Sharma', 'Pharmacy Assistant', 24000.00, '9876543320', 'vijay.sharma@pharmacy.com', '2019-10-02'),
(13, 'Simran Kaur', 'Inventory Supervisor', 33000.00, '9876543330', 'simran.kaur@pharmacy.com', '2018-06-25'),
(14, 'Sushil Yadav', 'Pharmacy Technician', 29000.00, '9876543340', 'sushil.yadav@pharmacy.com', '2020-09-10'),
(15, 'Debashish Roy', 'Pharmacy Technician', 29000.00, '9876543400', 'debashish.roy@pharmacy.com', '2019-04-18');

select * from Employee;



INSERT INTO Customer (customer_id, name, contact, email, address) VALUES
(1, 'Rahul Sharma', '9876543210', 'rahul.sharma@gmail.com', '123 MG Road, Ruby, Kolkata, West Bengal'),
(2, 'Priya Desai', '9876543209', 'priya.desai@gmail.com', '456 Indiranagar, Ruby, Kolkata, West Bengal'),
(3, 'Amit Kumar', '9834567890', 'amit.kumar@gmail.com', '10/1A, Jyoti Bhavan, Ruby, Kolkata, West Bengal'),
(4, 'Neha Verma', '9876543218', 'neha.verma@gmail.com', '789 Church St, Ruby, Kolkata, West Bengal'),
(5, 'Vishal Gupta', '9876543217', 'vishal.gupta@gmail.com', '24/2B, Shyamnagar, Ruby, Kolkata, West Bengal'),
(6, 'Sandeep Singh', '9887654321', 'sandeep.singh@gmail.com', '234 Mahalakshmi, Ruby, Kolkata, West Bengal'),
(7, 'Sneha Reddy', '9836543215', 'sneha.reddy@gmail.com', '15/3, Dalhousie Road, Ruby, Kolkata, West Bengal'),
(8, 'Ravi Patel', '9887654332', 'ravi.patel@gmail.com', '234 Upper Circular Road, Ruby, Kolkata, West Bengal'),
(9, 'Mithun Das', '9898765432', 'mithun.das@gmail.com', '32/4, Uttampura, Ruby, Kolkata, West Bengal'),
(10, 'Ananya Mehta', '9887654320', 'ananya.mehta@gmail.com', '890 Bandra West, Ruby, Kolkata, West Bengal'),
(11, 'Farhana Ahmed', '9898765431', 'farhana.ahmed@gmail.com', '12/5, Bari Bazar, Ruby, Kolkata, West Bengal'),
(12, 'Hannah Brown', '9876543219', 'hannah.brown@gmail.com', '345 Nungambakkam, Ruby, Kolkata, West Bengal'),
(13, 'Suman Pal', '9838765430', 'suman.pal@gmail.com', '55/6, Talmal, Ruby, Kolkata, West Bengal'),
(14, 'William Scott', '9876543290', 'william.scott@gmail.com', '456 Andheri East, Ruby, Kolkata, West Bengal'),
(15, 'Mitali Sen', '9897654320', 'mitali.sen@gmail.com', '78/7, South Para, Ruby, Kolkata, West Bengal'),
(16, 'Oliver White', '9887654312', 'oliver.white@gmail.com', '567 Vasant Vihar, Ruby, Kolkata, West Bengal'),
(17, 'Shubham Roy', '9834567809', 'shubham.roy@gmail.com', '90/8, Rajarbag, Ruby, Kolkata, West Bengal'),
(18, 'Sophia King', '9887654323', 'sophia.king@gmail.com', '789 MG Road, Ruby, Kolkata, West Bengal'),
(19, 'Rina Saha', '9897654322', 'rina.saha@gmail.com', '123/9, Paschimpara, Ruby, Kolkata, West Bengal'),
(20, 'Liam Harris', '9887654324', 'liam.harris@gmail.com', '101 Old Airport Road, Ruby, Kolkata, West Bengal'),
(21, 'Arjun Bhattacharya', '9876543300', 'arjun.bhattacharya@gmail.com', '234 New Town, Ruby, Kolkata, West Bengal'),
(22, 'Sonia Roy', '9887654320', 'sonia.roy@gmail.com', '567 Bhowanipur, Ruby, Kolkata, West Bengal'),
(23, 'Nitin Sharma', '9834567810', 'nitin.sharma@gmail.com', '890 Salt Lake, Ruby, Kolkata, West Bengal'),
(24, 'Pooja Sethi', '9876543211', 'pooja.sethi@gmail.com', '123 Park Street, Ruby, Kolkata, West Bengal'),
(25, 'Vikas Verma', '9876543233', 'vikas.verma@gmail.com', '456 Rajarhat, Ruby, Kolkata, West Bengal'),
(26, 'Sujit Saha', '9836543221', 'sujit.saha@gmail.com', '789 Gariahat Road, Ruby, Kolkata, West Bengal'),
(27, 'Ritika Mehta', '9887654313', 'ritika.mehta@gmail.com', '234 Alambazar, Ruby, Kolkata, West Bengal'),
(28, 'Sandeep Kumar', '9834567820', 'sandeep.kumar@gmail.com', '456 Jadavpur, Ruby, Kolkata, West Bengal'),
(29, 'Madhavi Pandey', '9876543244', 'madhavi.pandey@gmail.com', '123 Ajoy Nagar, Ruby, Kolkata, West Bengal'),
(30, 'Pradeep Yadav', '9876543255', 'pradeep.yadav@gmail.com', '567 South City, Ruby, Kolkata, West Bengal'),
(31, 'Rohan Das', '9834567831', 'rohan.das@gmail.com', '890 Behala, Ruby, Kolkata, West Bengal'),
(32, 'Neelam Kumari', '9876543266', 'neelam.kumari@gmail.com', '234 Bhawanipur, Ruby, Kolkata, West Bengal'),
(33, 'Tariq Khan', '9887654325', 'tariq.khan@gmail.com', '789 Shyambazar, Ruby, Kolkata, West Bengal'),
(34, 'Sweta Agarwal', '9836543242', 'sweta.agarwal@gmail.com', '123 Barrackpore, Ruby, Kolkata, West Bengal'),
(35, 'Nikhil Gupta', '9876543277', 'nikhil.gupta@gmail.com', '456 Kalighat, Ruby, Kolkata, West Bengal'),
(36, 'Ravindra Joshi', '9887654330', 'ravindra.joshi@gmail.com', '234 Belgharia, Ruby, Kolkata, West Bengal'),
(37, 'Anjali Roy', '9834567842', 'anjali.roy@gmail.com', '789 New Alambazar, Ruby, Kolkata, West Bengal'),
(38, 'Dinesh Kumar', '9876543288', 'dinesh.kumar@gmail.com', '567 Taratala, Ruby, Kolkata, West Bengal'),
(39, 'Madhurima Chatterjee', '9887654331', 'madhurima.chatterjee@gmail.com', '234 Howrah, Ruby, Kolkata, West Bengal'),
(40, 'Amitabh Rai', '9834567853', 'amitabh.rai@gmail.com', '890 Salt Lake Sector V, Ruby, Kolkata, West Bengal'),
(41, 'Neha Gupta', '9876543299', 'neha.gupta@gmail.com', '123 Sealdah, Ruby, Kolkata, West Bengal'),
(42, 'Ankit Mehta', '9887654334', 'ankit.mehta@gmail.com', '456 Chetla, Ruby, Kolkata, West Bengal'),
(43, 'Kiran Verma', '9834567864', 'kiran.verma@gmail.com', '234 Charu Market, Ruby, Kolkata, West Bengal'),
(44, 'Tanvi Agarwal', '9876543300', 'tanvi.agarwal@gmail.com', '567 Bagbazar, Ruby, Kolkata, West Bengal'),
(45, 'Srinivas Reddy', '9887654345', 'srinivas.reddy@gmail.com', '789 Garia, Ruby, Kolkata, West Bengal'),
(46, 'Rupa Sen', '9836547871', 'rupa.sen@gmail.com', '234 Dumdum, Ruby, Kolkata, West Bengal'),
(47, 'Kunal Roy', '9876543311', 'kunal.roy@gmail.com', '567 AJC Bose Road, Ruby, Kolkata, West Bengal'),
(48, 'Jaya Gupta', '9887654356', 'jaya.gupta@gmail.com', '890 Alambazar, Ruby, Kolkata, West Bengal'),
(49, 'Ashok Kumar', '9834567899', 'ashok.kumar@gmail.com', '123 East Kolkata, Ruby, Kolkata, West Bengal'),
(50, 'Sushmita Chakraborty', '9876543322', 'sushmita.chakraborty@gmail.com', '456 New Barrackpore, Ruby, Kolkata, West Bengal'),
(51, 'Rohit Tiwari', '9887654367', 'rohit.tiwari@gmail.com', '234 Gariahat, Ruby, Kolkata, West Bengal'),
(52, 'Poonam Soni', '9834567900', 'poonam.soni@gmail.com', '567 Bansdroni, Ruby, Kolkata, West Bengal'),
(53, 'Shivani Patel', '9876543333', 'shivani.patel@gmail.com', '789 Netaji Nagar, Ruby, Kolkata, West Bengal'),
(54, 'Jatin Mehta', '9887654378', 'jatin.mehta@gmail.com', '234 Sealdah, Ruby, Kolkata, West Bengal'),
(55, 'Amit Deshmukh', '9834567911', 'amit.deshmukh@gmail.com', '567 Salt Lake, Ruby, Kolkata, West Bengal'),
(56, 'Kirti Mishra', '9876543344', 'kirti.mishra@gmail.com', '890 Baghajatin, Ruby, Kolkata, West Bengal'),
(57, 'Sunil Singh', '9887654389', 'sunil.singh@gmail.com', '234 Jadavpur, Ruby, Kolkata, West Bengal'),
(58, 'Rina Chowdhury', '9834567922', 'rina.chowdhury@gmail.com', '567 Manicktala, Ruby, Kolkata, West Bengal'),
(59, 'Prashant Kumar', '9876543355', 'prashant.kumar@gmail.com', '890 Rashbehari Avenue, Ruby, Kolkata, West Bengal'),
(60, 'Nisha Sharma', '9887654400', 'nisha.sharma@gmail.com', '234 Elgin Road, Ruby, Kolkata, West Bengal'),
(61, 'Nandini Roy', '9834567933', 'nandini.roy@gmail.com', '123 Chetla, Ruby, Kolkata, West Bengal'),
(62, 'Sanjay Sharma', '9876543366', 'sanjay.sharma@gmail.com', '456 Ritchie Road, Ruby, Kolkata, West Bengal'),
(63, 'Tanuja Desai', '9887654411', 'tanuja.desai@gmail.com', '234 Charu Market, Ruby, Kolkata, West Bengal'),
(64, 'Kunal Agarwal', '9834567944', 'kunal.agarwal@gmail.com', '789 New Alambazar, Ruby, Kolkata, West Bengal'),
(65, 'Ravi Prakash', '9876543377', 'ravi.prakash@gmail.com', '567 Gariahat, Ruby, Kolkata, West Bengal'),
(66, 'Arvind Joshi', '9887654422', 'arvind.joshi@gmail.com', '234 Dharmatala, Ruby, Kolkata, West Bengal'),
(67, 'Deepa Saha', '9834567955', 'deepa.saha@gmail.com', '789 Jadavpur, Ruby, Kolkata, West Bengal'),
(68, 'Ravi Kumar', '9876543388', 'ravi.kumar@gmail.com', '234 Bansdroni, Ruby, Kolkata, West Bengal'),
(69, 'Niraj Soni', '9887654433', 'niraj.soni@gmail.com', '567 Salt Lake, Ruby, Kolkata, West Bengal'),
(70, 'Siddhi Mehta', '9834567966', 'siddhi.mehta@gmail.com', '890 Behala, Ruby, Kolkata, West Bengal'),
(71, 'Vinay Pandey', '9876543399', 'vinay.pandey@gmail.com', '234 South City, Ruby, Kolkata, West Bengal'),
(72, 'Vishal Sharma', '9887654444', 'vishal.sharma@gmail.com', '567 Sealdah, Ruby, Kolkata, West Bengal'),
(73, 'Swati Yadav', '9834567977', 'swati.yadav@gmail.com', '789 Kalighat, Ruby, Kolkata, West Bengal'),
(74, 'Sumit Chatterjee', '9876543400', 'sumit.chatterjee@gmail.com', '234 Barrackpore, Ruby, Kolkata, West Bengal'),
(75, 'Suman Kumari', '9887654455', 'suman.kumari@gmail.com', '567 New Town, Ruby, Kolkata, West Bengal'),
(76, 'Rishabh Tiwari', '9834567988', 'rishabh.tiwari@gmail.com', '890 Ajoy Nagar, Ruby, Kolkata, West Bengal'),
(77, 'Rina Banerjee', '9876543411', 'rina.banerjee@gmail.com', '234 New Barrackpore, Ruby, Kolkata, West Bengal'),
(78, 'Abhishek Agarwal', '9887654466', 'abhishek.agarwal@gmail.com', '567 Garia, Ruby, Kolkata, West Bengal'),
(79, 'Tanvi Kumar', '9834567999', 'tanvi.kumar@gmail.com', '890 South City, Ruby, Kolkata, West Bengal'),
(80, 'Sandeep Mehta', '9876543422', 'sandeep.mehta@gmail.com', '234 Baghajatin, Ruby, Kolkata, West Bengal'),
(81, 'Akash Gupta', '9887654477', 'akash.gupta@gmail.com', '567 Manicktala, Ruby, Kolkata, West Bengal'),
(82, 'Ankit Jain', '9834568000', 'ankit.jain@gmail.com', '890 Shyambazar, Ruby, Kolkata, West Bengal'),
(83, 'Seema Soni', '9876543433', 'seema.soni@gmail.com', '234 Dumdum, Ruby, Kolkata, West Bengal'),
(84, 'Rajesh Pandey', '9887654488', 'rajesh.pandey@gmail.com', '567 Barrackpore, Ruby, Kolkata, West Bengal'),
(85, 'Rupal Gupta', '9834568011', 'rupal.gupta@gmail.com', '890 Jadavpur, Ruby, Kolkata, West Bengal'),
(86, 'Manish Tiwari', '9876543444', 'manish.tiwari@gmail.com', '234 Taratala, Ruby, Kolkata, West Bengal'),
(87, 'Sunita Kumari', '9887654499', 'sunita.kumari@gmail.com', '567 Gariahat, Ruby, Kolkata, West Bengal'),
(88, 'Neelam Saha', '9834568022', 'neelam.saha@gmail.com', '890 South City, Ruby, Kolkata, West Bengal'),
(89, 'Piyush Yadav', '9876543455', 'piyush.yadav@gmail.com', '234 Bagbazar, Ruby, Kolkata, West Bengal'),
(90, 'Shubhra Rani', '9887654500', 'shubhra.rani@gmail.com', '567 Kalighat, Ruby, Kolkata, West Bengal'),
(91, 'Amit Prakash', '9834568033', 'amit.prakash@gmail.com', '890 Sealdah, Ruby, Kolkata, West Bengal'),
(92, 'Madhuri Roy', '9876543466', 'madhuri.roy@gmail.com', '234 Jodhpur Park, Ruby, Kolkata, West Bengal'),
(93, 'Pooja Verma', '9887654511', 'pooja.verma@gmail.com', '567 Charu Market, Ruby, Kolkata, West Bengal'),
(94, 'Arvind Kumar', '9834568044', 'arvind.kumar@gmail.com', '890 Rajarhat, Ruby, Kolkata, West Bengal'),
(95, 'Madhur Sharma', '9876543477', 'madhur.sharma@gmail.com', '234 Salt Lake, Ruby, Kolkata, West Bengal'),
(96, 'Rohit Mehta', '9887654522', 'rohit.mehta@gmail.com', '567 Dumdum, Ruby, Kolkata, West Bengal'),
(97, 'Ankit Patel', '9834568055', 'ankit.patel@gmail.com', '890 Barrackpore, Ruby, Kolkata, West Bengal'),
(98, 'Niharika Saha', '9876543488', 'niharika.saha@gmail.com', '234 Manicktala, Ruby, Kolkata, West Bengal'),
(99, 'Kriti Gupta', '9887654533', 'kriti.gupta@gmail.com', '567 Garia, Ruby, Kolkata, West Bengal'),
(100, 'Naveen Tiwari', '9834568066', 'naveen.tiwari@gmail.com', '890 Shyambazar, Ruby, Kolkata, West Bengal'),
(101, 'Priya Saha', '9876543499', 'priya.saha@gmail.com', '234 Jadavpur, Ruby, Kolkata, West Bengal'),
(102, 'Sandeep Soni', '9887654544', 'sandeep.soni@gmail.com', '567 Salt Lake, Ruby, Kolkata, West Bengal'),
(103, 'Ravi Chatterjee', '9834568077', 'ravi.chatterjee@gmail.com', '890 Bansdroni, Ruby, Kolkata, West Bengal'),
(104, 'Anita Mehta', '9876543500', 'anita.mehta@gmail.com', '234 South City, Ruby, Kolkata, West Bengal'),
(105, 'Harshit Kumar', '9887654555', 'harshit.kumar@gmail.com', '567 New Town, Ruby, Kolkata, West Bengal'),
(106, 'Sunil Kumar', '9834568088', 'sunil.kumar@gmail.com', '890 Howrah, Ruby, Kolkata, West Bengal'),
(107, 'Nidhi Agarwal', '9876543511', 'nidhi.agarwal@gmail.com', '234 Dumdum, Ruby, Kolkata, West Bengal'),
(108, 'Rajiv Soni', '9887654566', 'rajiv.soni@gmail.com', '567 Bhowanipur, Ruby, Kolkata, West Bengal'),
(109, 'Ravindra Singh', '9834568099', 'ravindra.singh@gmail.com', '890 Rajarhat, Ruby, Kolkata, West Bengal'),
(110, 'Simran Rani', '9876543522', 'simran.rani@gmail.com', '234 Gariahat, Ruby, Kolkata, West Bengal'),
(111, 'Ruchi Sharma', '9834568100', 'ruchi.sharma@gmail.com', '234 Baghajatin, Ruby, Kolkata, West Bengal'),
(112, 'Alok Kumar', '9876543533', 'alok.kumar@gmail.com', '567 Jadavpur, Ruby, Kolkata, West Bengal'),
(113, 'Kavita Soni', '9887654577', 'kavita.soni@gmail.com', '890 Salt Lake, Ruby, Kolkata, West Bengal'),
(114, 'Rajesh Yadav', '9834568111', 'rajesh.yadav@gmail.com', '234 Rajarhat, Ruby, Kolkata, West Bengal'),
(115, 'Rekha Agarwal', '9876543544', 'rekha.agarwal@gmail.com', '567 Charu Market, Ruby, Kolkata, West Bengal'),
(116, 'Vikram Mehta', '9887654588', 'vikram.mehta@gmail.com', '890 Bhowanipur, Ruby, Kolkata, West Bengal'),
(117, 'Ishita Roy', '9834568122', 'ishita.roy@gmail.com', '234 Bansdroni, Ruby, Kolkata, West Bengal'),
(118, 'Vishal Jain', '9876543555', 'vishal.jain@gmail.com', '567 Behala, Ruby, Kolkata, West Bengal'),
(119, 'Anju Singh', '9887654599', 'anju.singh@gmail.com', '890 Manicktala, Ruby, Kolkata, West Bengal'),
(120, 'Rakesh Kumar', '9834568133', 'rakesh.kumar@gmail.com', '234 Dumdum, Ruby, Kolkata, West Bengal'),
(121, 'Puja Chakraborty', '9876543566', 'puja.chakraborty@gmail.com', '567 South City, Ruby, Kolkata, West Bengal'),
(122, 'Ravi Agrawal', '9887654600', 'ravi.agrawal@gmail.com', '890 Garia, Ruby, Kolkata, West Bengal'),
(123, 'Aditi Saha', '9834568144', 'aditi.saha@gmail.com', '234 Shyambazar, Ruby, Kolkata, West Bengal'),
(124, 'Mithun Roy', '9876543577', 'mithun.roy@gmail.com', '567 Gariahat, Ruby, Kolkata, West Bengal'),
(125, 'Bipin Soni', '9887654611', 'bipin.soni@gmail.com', '890 Kalighat, Ruby, Kolkata, West Bengal'),
(126, 'Ananya Sharma', '9834568155', 'ananya.sharma@gmail.com', '234 Salt Lake, Ruby, Kolkata, West Bengal'),
(127, 'Yogesh Patel', '9876543588', 'yogesh.patel@gmail.com', '567 Rajarhat, Ruby, Kolkata, West Bengal'),
(128, 'Pooja Tiwari', '9887654622', 'pooja.tiwari@gmail.com', '890 Sealdah, Ruby, Kolkata, West Bengal'),
(129, 'Chandresh Patel', '9834568166', 'chandresh.patel@gmail.com', '234 Charu Market, Ruby, Kolkata, West Bengal'),
(130, 'Nisha Banerjee', '9876543599', 'nisha.banerjee@gmail.com', '567 Jodhpur Park, Ruby, Kolkata, West Bengal'),
(131, 'Ravindra Pandey', '9887654633', 'ravindra.pandey@gmail.com', '890 Salt Lake, Ruby, Kolkata, West Bengal'),
(132, 'Ruchi Jain', '9834568177', 'ruchi.jain@gmail.com', '234 Behala, Ruby, Kolkata, West Bengal'),
(133, 'Sandeep Chatterjee', '9876543600', 'sandeep.chatterjee@gmail.com', '567 Shyambazar, Ruby, Kolkata, West Bengal'),
(134, 'Tina Soni', '9887654644', 'tina.soni@gmail.com', '890 Bansdroni, Ruby, Kolkata, West Bengal'),
(135, 'Rajiv Sharma', '9834568188', 'rajiv.sharma@gmail.com', '234 Gariahat, Ruby, Kolkata, West Bengal'),
(136, 'Priya Agarwal', '9876543611', 'priya.agarwal@gmail.com', '567 Dumdum, Ruby, Kolkata, West Bengal'),
(137, 'Srinivasan Reddy', '9887654655', 'srinivasan.reddy@gmail.com', '890 Rajarhat, Ruby, Kolkata, West Bengal'),
(138, 'Ramesh Kumar', '9834568199', 'ramesh.kumar@gmail.com', '234 South City, Ruby, Kolkata, West Bengal'),
(139, 'Madhuri Patil', '9876543622', 'madhuri.patil@gmail.com', '567 Charu Market, Ruby, Kolkata, West Bengal'),
(140, 'Amit Soni', '9887654666', 'amit.soni@gmail.com', '890 Howrah, Ruby, Kolkata, West Bengal'),
(141, 'Ajay Saha', '9834568200', 'ajay.saha@gmail.com', '234 Kalighat, Ruby, Kolkata, West Bengal'),
(142, 'Vivek Kumar', '9876543633', 'vivek.kumar@gmail.com', '567 Salt Lake, Ruby, Kolkata, West Bengal'),
(143, 'Priti Gupta', '9887654677', 'priti.gupta@gmail.com', '890 Garia, Ruby, Kolkata, West Bengal'),
(144, 'Asha Bhattacharya', '9834568211', 'asha.bhattacharya@gmail.com', '234 Gariahat, Ruby, Kolkata, West Bengal'),
(145, 'Lalit Yadav', '9876543644', 'lalit.yadav@gmail.com', '567 Sealdah, Ruby, Kolkata, West Bengal'),
(146, 'Ashwin Roy', '9887654688', 'ashwin.roy@gmail.com', '890 Barrackpore, Ruby, Kolkata, West Bengal'),
(147, 'Simran Kumari', '9834568222', 'simran.kumari@gmail.com', '234 New Town, Ruby, Kolkata, West Bengal'),
(148, 'Harpreet Singh', '9876543655', 'harpreet.singh@gmail.com', '567 Kalighat, Ruby, Kolkata, West Bengal'),
(149, 'Shubham Sharma', '9887654699', 'shubham.sharma@gmail.com', '890 Bhowanipur, Ruby, Kolkata, West Bengal'),
(150, 'Brijesh Yadav', '9834568233', 'brijesh.yadav@gmail.com', '234 Salt Lake, Ruby, Kolkata, West Bengal'),
(151, 'Tanvi Mehta', '9876543666', 'tanvi.mehta@gmail.com', '567 Jadavpur, Ruby, Kolkata, West Bengal'),
(152, 'Ritu Agarwal', '9887654700', 'ritu.agarwal@gmail.com', '890 Howrah, Ruby, Kolkata, West Bengal'),
(153, 'Vikram Singh', '9834568244', 'vikram.singh@gmail.com', '234 Barrackpore, Ruby, Kolkata, West Bengal'),
(154, 'Sarika Soni', '9876543677', 'sarika.soni@gmail.com', '567 Sealdah, Ruby, Kolkata, West Bengal'),
(155, 'Ravi Kumar', '9887654711', 'ravi.kumar@gmail.com', '890 Jadavpur, Ruby, Kolkata, West Bengal'),
(156, 'Abhinav Yadav', '9834568255', 'abhinav.yadav@gmail.com', '234 Charu Market, Ruby, Kolkata, West Bengal'),
(157, 'Rupa Singh', '9876543688', 'rupa.singh@gmail.com', '567 South City, Ruby, Kolkata, West Bengal'),
(158, 'Ankit Chatterjee', '9887654722', 'ankit.chatterjee@gmail.com', '890 Gariahat, Ruby, Kolkata, West Bengal'),
(159, 'Bipin Kumar', '9834568266', 'bipin.kumar@gmail.com', '234 Bhowanipur, Ruby, Kolkata, West Bengal'),
(160, 'Neha Joshi', '9876543699', 'neha.joshi@gmail.com', '567 Bansdroni, Ruby, Kolkata, West Bengal'),
(161, 'Manoj Agarwal', '9887654733', 'manoj.agarwal@gmail.com', '890 Salt Lake, Ruby, Kolkata, West Bengal'),
(162, 'Kajal Sharma', '9834568277', 'kajal.sharma@gmail.com', '234 Jadavpur, Ruby, Kolkata, West Bengal'),
(163, 'Shashank Singh', '9876543700', 'shashank.singh@gmail.com', '567 Rajarhat, Ruby, Kolkata, West Bengal'),
(164, 'Alisha Yadav', '9887654744', 'alisha.yadav@gmail.com', '890 New Town, Ruby, Kolkata, West Bengal'),
(165, 'Rajesh Chatterjee', '9834568288', 'rajesh.chatterjee@gmail.com', '234 Howrah, Ruby, Kolkata, West Bengal'),
(166, 'Amit Agarwal', '9876543711', 'amit.agarwal@gmail.com', '567 Salt Lake, Ruby, Kolkata, West Bengal'),
(167, 'Shalini Saha', '9887654755', 'shalini.saha@gmail.com', '890 Garia, Ruby, Kolkata, West Bengal'),
(168, 'Manoj Pandey', '9834568299', 'manoj.pandey@gmail.com', '234 Charu Market, Ruby, Kolkata, West Bengal'),
(169, 'Ravi Yadav', '9876543722', 'ravi.yadav@gmail.com', '567 Sealdah, Ruby, Kolkata, West Bengal'),
(170, 'Arpita Banerjee', '9887654766', 'arpita.banerjee@gmail.com', '890 Gariahat, Ruby, Kolkata, West Bengal'),
(171, 'Pranab Gupta', '9834568300', 'pranab.gupta@gmail.com', '234 Barrackpore, Ruby, Kolkata, West Bengal'),
(172, 'Kriti Agarwal', '9876543733', 'kriti.agarwal@gmail.com', '567 Shyambazar, Ruby, Kolkata, West Bengal'),
(173, 'Amit Soni', '9887654777', 'amit.soni@gmail.com', '890 Jadavpur, Ruby, Kolkata, West Bengal'),
(174, 'Ravindra Singh', '9834568311', 'ravindra.singh@gmail.com', '234 New Town, Ruby, Kolkata, West Bengal'),
(175, 'Pooja Joshi', '9876543744', 'pooja.joshi@gmail.com', '567 Barrackpore, Ruby, Kolkata, West Bengal'),
(176, 'Tanu Yadav', '9887654788', 'tanu.yadav@gmail.com', '890 Bhowanipur, Ruby, Kolkata, West Bengal'),
(177, 'Priyanka Saha', '9834568322', 'priyanka.saha@gmail.com', '234 Sealdah, Ruby, Kolkata, West Bengal'),
(178, 'Harish Chatterjee', '9876543755', 'harish.chatterjee@gmail.com', '567 Garia, Ruby, Kolkata, West Bengal'),
(179, 'Rita Roy', '9887654799', 'rita.roy@gmail.com', '890 Jadavpur, Ruby, Kolkata, West Bengal'),
(180, 'Nandini Soni', '9834568333', 'nandini.soni@gmail.com', '234 Dumdum, Ruby, Kolkata, West Bengal'),
(181, 'Sandeep Agrawal', '9876543766', 'sandeep.agrawal@gmail.com', '567 South City, Ruby, Kolkata, West Bengal'),
(182, 'Madhur Agarwal', '9887654800', 'madhur.agarwal@gmail.com', '890 Howrah, Ruby, Kolkata, West Bengal'),
(183, 'Tina Joshi', '9834568344', 'tina.joshi@gmail.com', '234 Shyambazar, Ruby, Kolkata, West Bengal'),
(184, 'Ashok Tiwari', '9876543777', 'ashok.tiwari@gmail.com', '567 Salt Lake, Ruby, Kolkata, West Bengal'),
(185, 'Simran Kumar', '9887654811', 'simran.kumar@gmail.com', '890 Rajarhat, Ruby, Kolkata, West Bengal'),
(186, 'Rishi Soni', '9834568355', 'rishi.soni@gmail.com', '234 Gariahat, Ruby, Kolkata, West Bengal'),
(187, 'Arpita Chakraborty', '9876543788', 'arpita.chakraborty@gmail.com', '567 Jadavpur, Ruby, Kolkata, West Bengal'),
(188, 'Rakesh Kumar', '9887654822', 'rakesh.kumar@gmail.com', '890 Bansdroni, Ruby, Kolkata, West Bengal'),
(189, 'Ravi Mehta', '9834568366', 'ravi.mehta@gmail.com', '234 Barrackpore, Ruby, Kolkata, West Bengal'),
(190, 'Manju Saha', '9876543799', 'manju.saha@gmail.com', '567 Garia, Ruby, Kolkata, West Bengal'),
(191, 'Vikram Kumar', '9887654833', 'vikram.kumar@gmail.com', '890 Kalighat, Ruby, Kolkata, West Bengal'),
(192, 'Anil Yadav', '9834568377', 'anil.yadav@gmail.com', '234 Dumdum, Ruby, Kolkata, West Bengal'),
(193, 'Nisha Singh', '9876543800', 'nisha.singh@gmail.com', '567 Sealdah, Ruby, Kolkata, West Bengal'),
(194, 'Bikash Roy', '9887654844', 'bikash.roy@gmail.com', '890 Salt Lake, Ruby, Kolkata, West Bengal'),
(195, 'Geeta Soni', '9834568388', 'geeta.soni@gmail.com', '234 Charu Market, Ruby, Kolkata, West Bengal'),
(196, 'Shubham Mehta', '9876543811', 'shubham.mehta@gmail.com', '567 Bhowanipur, Ruby, Kolkata, West Bengal'),
(197, 'Pooja Rani', '9887654855', 'pooja.rani@gmail.com', '890 Jadavpur, Ruby, Kolkata, West Bengal'),
(198, 'Sanjay Saha', '9834568399', 'sanjay.saha@gmail.com', '234 Gariahat, Ruby, Kolkata, West Bengal'),
(199, 'Vinod Kumar', '9876543822', 'vinod.kumar@gmail.com', '567 South City, Ruby, Kolkata, West Bengal'),
(200, 'Ravi Verma', '9887654866', 'ravi.verma@gmail.com', '890 Howrah, Ruby, Kolkata, West Bengal');


select * from Customer;

INSERT INTO Doctor (doctor_id, name, specialization, contact, email, consultation_fee, availability) VALUES
(1, 'Dr. Arvind Gupta', 'Cardiologist', '9834567801', 'arvind.gupta@gmail.com', 1500.00, 'Mon-Fri: 9am - 1pm'),
(2, 'Dr. Rupa Dutta', 'Gynecologist', '9876543201', 'rupa.dutta@gmail.com', 1200.00, 'Mon-Sat: 10am - 3pm'),
(3, 'Dr. Subrata Das', 'Orthopedic Surgeon', '9887654322', 'subrata.das@gmail.com', 2000.00, 'Mon-Sun: 11am - 5pm'),
(4, 'Dr. Priya Mukherjee', 'Pediatrician', '9834567811', 'priya.mukherjee@gmail.com', 1000.00, 'Mon-Wed: 8am - 12pm'),
(5, 'Dr. Rajesh Kumar', 'Dentist', '9876543211', 'rajesh.kumar@gmail.com', 800.00, 'Tue-Sat: 9am - 6pm');

select * from Doctor;

INSERT INTO Supplier (supplier_id, name, contact, email, address) VALUES
(1, 'Arun Sharma', '987-654-3210', 'arun.sharma@biohealthpharma.com', '123 MG Road, Bangalore, Karnataka'),
(2, 'Priya Desai', '988-765-4321', 'priya.desai@mediwellpharma.com', '456 Koramangala, Bangalore, Karnataka'),
(3, 'Ravi Patel', '989-876-5432', 'ravi.patel@lifecarepharma.com', '789 Banjara Hills, Hyderabad, Telangana'),
(4, 'Sunita Reddy', '990-987-6543', 'sunita.reddy@drugsindia.com', '101 Jubilee Hills, Hyderabad, Telangana'),
(5, 'Vikram Kumar', '991-234-5678', 'vikram.kumar@medinova.com', '202 Vaishali Nagar, Jaipur, Rajasthan'),
(6, 'Anjali Gupta', '992-345-6789', 'anjali.gupta@pharmalife.in', '303 Civil Lines, Delhi, NCR'),
(7, 'Deepak Joshi', '993-456-7890', 'deepak.joshi@curemeds.com', '404 Connaught Place, New Delhi, NCR'),
(8, 'Seema Verma', '994-567-8901', 'seema.verma@medicorp.in', '505 Indore, Madhya Pradesh'),
(9, 'Rajesh Mehta', '995-678-9012', 'rajesh.mehta@healthsolutionspharma.com', '606 Sadar Bazar, Lucknow, Uttar Pradesh'),
(10, 'Neelam Yadav', '996-789-0123', 'neelam.yadav@ayurcarepharma.com', '707 Gajipur, Patna, Bihar'),
(11, 'Suresh Babu', '997-890-1234', 'suresh.babu@pharmagenix.com', '808 MG Road, Chennai, Tamil Nadu'),
(12, 'Kavita Sharma', '998-901-2345', 'kavita.sharma@caremedicpharma.com', '909 Ashok Vihar, New Delhi, NCR'),
(13, 'Amit Soni', '999-012-3456', 'amit.soni@healthforeverpharma.com', '1010 Dwarka, Delhi, NCR'),
(14, 'Nisha Rao', '900-123-4567', 'nisha.rao@medilinepharma.com', '1111 Marine Drive, Mumbai, Maharashtra'),
(15, 'Manoj Thakur', '901-234-5678', 'manoj.thakur@thepharmalab.com', '1212 Malad, Mumbai, Maharashtra'),
(16, 'Shalini Pandey', '902-345-6789', 'shalini.pandey@medexpharma.com', '1313 Ameerpet, Hyderabad, Telangana'),
(17, 'Karan Singh', '903-456-7890', 'karan.singh@pharmaworldindia.com', '1414 Indira Nagar, Lucknow, Uttar Pradesh'),
(18, 'Sushmita Iyer', '904-567-8901', 'sushmita.iyer@caremedsolutions.com', '1515 Andheri, Mumbai, Maharashtra'),
(19, 'Rohit Agarwal', '905-678-9012', 'rohit.agarwal@medimatrixpharma.com', '1616 Noida, Uttar Pradesh'),
(20, 'Pooja Rathi', '906-789-0123', 'pooja.rathi@pharmacore.in', '1717 MG Road, Pune, Maharashtra');

select * from Supplier;

INSERT INTO Medicine (medicine_id, supplier_id, name, category, brand, price, quantity, expiry_date)
VALUES
(1, 1, 'Paracetamol 500mg', 'Pain Reliever', 'Crocin', 50.00, 500, '2025-12-31'),
(2, 2, 'Amoxicillin 250mg', 'Antibiotic', 'Amox', 120.00, 300, '2026-06-15'),
(3, 3, 'Ibuprofen 400mg', 'Pain Reliever', 'Brufen', 80.00, 200, '2025-05-20'),
(4, 4, 'Losartan 50mg', 'Blood Pressure', 'Cozaar', 150.00, 250, '2027-08-10'),
(5, 5, 'Metformin 500mg', 'Diabetes', 'Glucophage', 180.00, 400, '2026-03-25'),
(6, 6, 'Cetirizine 10mg', 'Antihistamine', 'Zyrtec', 60.00, 350, '2025-07-18'),
(7, 7, 'Simvastatin 20mg', 'Cholesterol', 'Zocor', 200.00, 180, '2027-01-12'),
(8, 8, 'Omeprazole 20mg', 'Acid Reducer', 'Losec', 90.00, 150, '2025-11-05'),
(9, 9, 'Vitamin C 500mg', 'Supplements', 'Revital', 45.00, 1000, '2027-12-01'),
(10, 10, 'Diazepam 10mg', 'Anxiolytic', 'Valium', 250.00, 120, '2025-09-30'),
(11, 11, 'Ranitidine 150mg', 'Antacid', 'Zantac', 40.00, 600, '2026-05-18'),
(12, 12, 'Doxycycline 100mg', 'Antibiotic', 'Doxy-100', 130.00, 450, '2026-07-22'),
(13, 13, 'Paracetamol 650mg', 'Pain Reliever', 'Calpol', 55.00, 700, '2025-10-13'),
(14, 14, 'Amlodipine 5mg', 'Blood Pressure', 'Norvasc', 180.00, 350, '2026-01-10'),
(15, 15, 'Clopidogrel 75mg', 'Antiplatelet', 'Plavix', 220.00, 500, '2027-03-15'),
(16, 16, 'Folic Acid 5mg', 'Supplements', 'Folvite', 35.00, 800, '2027-02-28'),
(17, 17, 'Sertraline 50mg', 'Antidepressant', 'Zoloft', 300.00, 150, '2026-09-05'),
(18, 18, 'Ciprofloxacin 500mg', 'Antibiotic', 'Cipro', 110.00, 600, '2026-12-01'),
(19, 19, 'Methylprednisolone 4mg', 'Corticosteroid', 'Medrol', 170.00, 250, '2026-06-25'),
(20, 20, 'Hydrochlorothiazide 25mg', 'Diuretics', 'Hydrodiuril', 130.00, 400, '2027-05-14'),
(21, 1, 'Paracetamol 650mg', 'Pain Reliever', 'Calpol', 55.00, 500, '2025-11-01'),
(22, 2, 'Metoprolol 50mg', 'Blood Pressure', 'Lopressor', 170.00, 350, '2026-04-17'),
(23, 3, 'Tamsulosin 0.4mg', 'Prostate Health', 'Flomax', 180.00, 300, '2025-12-12'),
(24, 4, 'Atenolol 50mg', 'Blood Pressure', 'Tenormin', 160.00, 400, '2027-02-05'),
(25, 5, 'Levothyroxine 50mcg', 'Thyroid', 'Eltroxin', 120.00, 350, '2026-03-20'),
(26, 6, 'Loratadine 10mg', 'Antihistamine', 'Claritin', 75.00, 250, '2025-06-18'),
(27, 7, 'Aspirin 100mg', 'Blood Thinner', 'Bayer', 90.00, 500, '2027-07-10'),
(28, 8, 'Fluconazole 150mg', 'Antifungal', 'Diflucan', 130.00, 300, '2026-08-21'),
(29, 9, 'Iron Supplement 100mg', 'Supplements', 'Ferrous Sulphate', 60.00, 600, '2027-03-05'),
(30, 10, 'Alprazolam 0.5mg', 'Anxiolytic', 'Xanax', 140.00, 350, '2025-12-25'),
(31, 11, 'Furosemide 40mg', 'Diuretics', 'Lasix', 110.00, 450, '2026-10-15'),
(32, 12, 'Hydrocodone 10mg', 'Pain Reliever', 'Vicodin', 250.00, 120, '2026-05-01'),
(33, 13, 'Propranolol 40mg', 'Blood Pressure', 'Inderal', 180.00, 400, '2027-09-18'),
(34, 14, 'Prednisone 10mg', 'Corticosteroid', 'Deltasone', 150.00, 300, '2027-04-15'),
(35, 15, 'Gabapentin 300mg', 'Neuropathy', 'Neurontin', 200.00, 500, '2026-02-28'),
(36, 16, 'Insulin Injection', 'Diabetes', 'Humulin', 350.00, 100, '2025-08-20'),
(37, 17, 'Dexamethasone 0.5mg', 'Corticosteroid', 'Decadron', 130.00, 350, '2026-01-25'),
(38, 18, 'Lisinopril 10mg', 'Blood Pressure', 'Zestril', 110.00, 500, '2027-03-10'),
(39, 19, 'Citalopram 20mg', 'Antidepressant', 'Celexa', 220.00, 400, '2026-07-05'),
(40, 20, 'Fluoxetine 20mg', 'Antidepressant', 'Prozac', 250.00, 300, '2026-06-30'),
(41, 1, 'Amikacin 500mg', 'Antibiotic', 'Amikacin Injection', 400.00, 200, '2027-08-14'),
(42, 2, 'Sildenafil 100mg', 'Erectile Dysfunction', 'Viagra', 450.00, 250, '2025-10-30'),
(43, 3, 'Diphenhydramine 25mg', 'Antihistamine', 'Benadryl', 40.00, 600, '2026-02-05'),
(44, 4, 'Bupropion 150mg', 'Antidepressant', 'Wellbutrin', 350.00, 300, '2026-11-15'),
(45, 5, 'Valproate 500mg', 'Seizure', 'Depakote', 220.00, 450, '2027-01-20'),
(46, 6, 'Metronidazole 500mg', 'Antibiotic', 'Flagyl', 120.00, 500, '2027-02-28'),
(47, 7, 'Zolpidem 10mg', 'Sleep Aid', 'Ambien', 200.00, 250, '2026-04-30'),
(48, 8, 'Pantoprazole 40mg', 'Acid Reducer', 'Protonix', 130.00, 400, '2027-05-10'),
(49, 9, 'Glimepiride 2mg', 'Diabetes', 'Amaryl', 180.00, 300, '2026-11-01'),
(50, 10, 'Ciprofloxacin 500mg', 'Antibiotic', 'Cipro', 110.00, 500, '2027-01-15'),
(51, 11, 'Gabapentin 100mg', 'Neuropathy', 'Neurontin', 130.00, 400, '2026-05-05'),
(52, 12, 'Quetiapine 100mg', 'Antipsychotic', 'Seroquel', 250.00, 250, '2026-09-10'),
(53, 13, 'Carbamazepine 200mg', 'Seizure', 'Tegretol', 200.00, 300, '2027-06-10'),
(54, 14, 'Candesartan 16mg', 'Blood Pressure', 'Atacand', 180.00, 350, '2026-12-01'),
(55, 15, 'Loratadine 10mg', 'Antihistamine', 'Claritin', 70.00, 500, '2026-08-15'),
(56, 16, 'Enalapril 5mg', 'Blood Pressure', 'Vasotec', 140.00, 450, '2027-04-01'),
(57, 17, 'Clonazepam 1mg', 'Anxiolytic', 'Klonopin', 190.00, 300, '2026-03-01'),
(58, 18, 'Sodium Bicarbonate 500mg', 'Antacid', 'Baking Soda', 50.00, 600, '2026-10-18'),
(59, 19, 'Meloxicam 7.5mg', 'Pain Reliever', 'Mobic', 180.00, 400, '2027-07-12'),
(60, 20, 'Oxycodone 10mg', 'Pain Reliever', 'OxyContin', 300.00, 150, '2026-01-30'),
(61, 1, 'Atorvastatin 10mg', 'Cholesterol', 'Lipitor', 220.00, 350, '2027-09-15'),
(62, 2, 'Lisinopril 10mg', 'Blood Pressure', 'Zestril', 150.00, 400, '2026-10-10'),
(63, 3, 'Cefixime 200mg', 'Antibiotic', 'Suprax', 120.00, 500, '2027-04-20'),
(64, 4, 'Amlodipine 10mg', 'Blood Pressure', 'Norvasc', 180.00, 350, '2026-09-25'),
(65, 5, 'Omeprazole 40mg', 'Acid Reducer', 'Losec', 90.00, 400, '2027-03-10'),
(66, 6, 'Miconazole 2%', 'Antifungal', 'Monistat', 80.00, 300, '2025-12-31'),
(67, 7, 'Fluoxetine 20mg', 'Antidepressant', 'Prozac', 250.00, 250, '2026-12-05'),
(68, 8, 'Sildenafil 50mg', 'Erectile Dysfunction', 'Viagra', 450.00, 180, '2026-08-01'),
(69, 9, 'Folic Acid 1mg', 'Supplements', 'Folvite', 40.00, 500, '2027-06-30'),
(70, 10, 'Zolpidem 10mg', 'Sleep Aid', 'Ambien', 200.00, 250, '2026-05-15'),
(71, 11, 'Bupropion 200mg', 'Antidepressant', 'Wellbutrin', 350.00, 300, '2027-01-30'),
(72, 12, 'Doxylamine 25mg', 'Antihistamine', 'Unisom', 60.00, 350, '2025-10-20'),
(73, 13, 'Tamsulosin 0.4mg', 'Prostate Health', 'Flomax', 200.00, 300, '2027-07-01'),
(74, 14, 'Levothyroxine 25mcg', 'Thyroid', 'Eltroxin', 150.00, 450, '2026-11-10'),
(75, 15, 'Sertraline 50mg', 'Antidepressant', 'Zoloft', 300.00, 250, '2026-09-12'),
(76, 16, 'Clonazepam 1mg', 'Anxiolytic', 'Klonopin', 190.00, 300, '2026-10-05'),
(77, 17, 'Metformin 1000mg', 'Diabetes', 'Glucophage', 150.00, 400, '2026-12-15'),
(78, 18, 'Cetirizine 10mg', 'Antihistamine', 'Zyrtec', 70.00, 600, '2027-05-01'),
(79, 19, 'Amoxicillin 500mg', 'Antibiotic', 'Amox', 120.00, 500, '2026-08-28'),
(80, 20, 'Hydrochlorothiazide 25mg', 'Diuretics', 'Hydrodiuril', 130.00, 300, '2026-09-22'),
(81, 1, 'Ciprofloxacin 500mg', 'Antibiotic', 'Cipro', 150.00, 400, '2027-03-15'),
(82, 2, 'Simvastatin 20mg', 'Cholesterol', 'Zocor', 220.00, 350, '2027-05-10'),
(83, 3, 'Paracetamol 500mg', 'Pain Reliever', 'Crocin', 55.00, 500, '2026-12-01'),
(84, 4, 'Alprazolam 1mg', 'Anxiolytic', 'Xanax', 180.00, 300, '2025-11-25'),
(85, 5, 'Aspirin 75mg', 'Blood Thinner', 'Bayer', 50.00, 600, '2027-04-05'),
(86, 6, 'Hydrocodone 10mg', 'Pain Reliever', 'Vicodin', 250.00, 150, '2026-09-25'),
(87, 7, 'Gabapentin 100mg', 'Neuropathy', 'Neurontin', 130.00, 350, '2027-02-10'),
(88, 8, 'Citalopram 20mg', 'Antidepressant', 'Celexa', 200.00, 250, '2026-11-01'),
(89, 9, 'Omeprazole 20mg', 'Acid Reducer', 'Losec', 90.00, 400, '2027-01-05'),
(90, 10, 'Methylprednisolone 4mg', 'Corticosteroid', 'Medrol', 170.00, 250, '2026-10-20'),
(91, 11, 'Clopidogrel 75mg', 'Antiplatelet', 'Plavix', 220.00, 500, '2027-07-25'),
(92, 12, 'Diazepam 5mg', 'Anxiolytic', 'Valium', 140.00, 300, '2025-12-10'),
(93, 13, 'Loratadine 10mg', 'Antihistamine', 'Claritin', 70.00, 600, '2027-06-18'),
(94, 14, 'Amlodipine 5mg', 'Blood Pressure', 'Norvasc', 180.00, 500, '2026-12-30'),
(95, 15, 'Doxycycline 100mg', 'Antibiotic', 'Doxy-100', 130.00, 450, '2026-04-22'),
(96, 16, 'Tadalafil 10mg', 'Erectile Dysfunction', 'Cialis', 400.00, 200, '2027-01-15'),
(97, 17, 'Lisinopril 20mg', 'Blood Pressure', 'Zestril', 160.00, 400, '2026-11-30'),
(98, 18, 'Sertraline 100mg', 'Antidepressant', 'Zoloft', 330.00, 250, '2026-03-01'),
(99, 19, 'Enalapril 5mg', 'Blood Pressure', 'Vasotec', 140.00, 400, '2027-04-22'),
(100, 20, 'Paracetamol 500mg', 'Pain Reliever', 'Crocin', 55.00, 600, '2027-11-20');

select * from Medicine;


INSERT INTO Sales (sales_id, customer_id, employee_id, medicine_id, quantity, total_price, salestime)
VALUES
(1, 1, 2, 1, 2, 240.00, '2025-04-05 14:35:00'),
(2, 3, 5, 2, 1, 120.00, '2025-04-05 15:45:00'),
(3, 5, 3, 3, 3, 720.00, '2025-04-05 16:20:00'),
(4, 7, 8, 4, 2, 360.00, '2025-04-05 17:10:00'),
(5, 10, 12, 5, 5, 1000.00, '2025-04-05 18:05:00'),
(6, 12, 7, 6, 2, 140.00, '2025-04-06 10:25:00'),
(7, 14, 6, 7, 3, 600.00, '2025-04-06 11:10:00'),
(8, 16, 9, 8, 1, 90.00, '2025-04-06 12:00:00'),
(9, 18, 15, 9, 2, 220.00, '2025-04-06 13:35:00'),
(10, 20, 4, 10, 4, 360.00, '2025-04-06 14:50:00'),
(11, 22, 13, 11, 1, 250.00, '2025-04-06 15:15:00'),
(12, 24, 14, 12, 5, 750.00, '2025-04-06 16:40:00'),
(13, 26, 2, 13, 2, 160.00, '2025-04-06 17:30:00'),
(14, 28, 11, 14, 3, 540.00, '2025-04-06 18:05:00'),
(15, 30, 10, 15, 1, 55.00, '2025-04-07 09:15:00'),
(16, 32, 8, 16, 4, 720.00, '2025-04-07 10:25:00'),
(17, 34, 3, 17, 2, 160.00, '2025-04-07 11:40:00'),
(18, 36, 1, 18, 3, 180.00, '2025-04-07 12:10:00'),
(19, 38, 12, 19, 2, 240.00, '2025-04-07 13:00:00'),
(20, 40, 9, 20, 1, 130.00, '2025-04-07 14:50:00'),
(21, 42, 14, 21, 5, 450.00, '2025-04-07 15:25:00'),
(22, 44, 7, 22, 2, 160.00, '2025-04-07 16:15:00'),
(23, 46, 6, 23, 3, 270.00, '2025-04-07 17:50:00'),
(24, 48, 15, 24, 4, 320.00, '2025-04-07 18:05:00'),
(25, 50, 4, 25, 1, 120.00, '2025-04-08 09:25:00'),
(26, 52, 13, 26, 5, 1000.00, '2025-04-08 10:30:00'),
(27, 54, 5, 27, 2, 220.00, '2025-04-08 11:15:00'),
(28, 56, 3, 28, 3, 180.00, '2025-04-08 12:00:00'),
(29, 58, 10, 29, 4, 480.00, '2025-04-08 13:40:00'),
(30, 60, 2, 30, 1, 250.00, '2025-04-08 14:10:00'),
(31, 62, 15, 31, 2, 320.00, '2025-04-08 15:05:00'),
(32, 64, 9, 32, 3, 180.00, '2025-04-08 16:00:00'),
(33, 66, 1, 33, 1, 120.00, '2025-04-08 17:25:00'),
(34, 68, 14, 34, 2, 200.00, '2025-04-08 18:00:00'),
(35, 70, 8, 35, 5, 750.00, '2025-04-09 09:15:00'),
(36, 72, 3, 36, 3, 180.00, '2025-04-09 10:10:00'),
(37, 74, 12, 37, 2, 200.00, '2025-04-09 11:45:00'),
(38, 76, 10, 38, 1, 100.00, '2025-04-09 12:20:00'),
(39, 78, 13, 39, 4, 360.00, '2025-04-09 13:25:00'),
(40, 80, 6, 40, 2, 240.00, '2025-04-09 14:00:00'),
(41, 82, 5, 41, 3, 270.00, '2025-04-09 15:10:00'),
(42, 84, 15, 42, 5, 450.00, '2025-04-09 16:35:00'),
(43, 86, 7, 43, 1, 130.00, '2025-04-09 17:20:00'),
(44, 88, 14, 44, 4, 440.00, '2025-04-09 18:00:00'),
(45, 90, 3, 45, 3, 360.00, '2025-04-09 19:00:00'),
(46, 92, 8, 46, 2, 180.00, '2025-04-10 09:40:00'),
(47, 94, 1, 47, 1, 120.00, '2025-04-10 10:25:00'),
(48, 96, 12, 48, 5, 750.00, '2025-04-10 11:15:00'),
(49, 98, 13, 49, 2, 240.00, '2025-04-10 12:05:00'),
(50, 100, 6, 50, 3, 270.00, '2025-04-10 13:15:00'),
(51, 102, 5, 51, 2, 240.00, '2025-04-10 14:40:00'),
(52, 104, 7, 52, 1, 120.00, '2025-04-10 15:30:00'),
(53, 106, 2, 53, 3, 720.00, '2025-04-10 16:10:00'),
(54, 108, 10, 54, 2, 360.00, '2025-04-10 17:00:00'),
(55, 110, 9, 55, 5, 1000.00, '2025-04-10 18:20:00'),
(56, 112, 4, 56, 2, 140.00, '2025-04-11 10:00:00'),
(57, 114, 6, 57, 3, 600.00, '2025-04-11 11:15:00'),
(58, 116, 8, 58, 1, 90.00, '2025-04-11 12:40:00'),
(59, 118, 1, 59, 2, 220.00, '2025-04-11 13:50:00'),
(60, 120, 12, 60, 4, 360.00, '2025-04-11 14:55:00'),
(61, 122, 14, 61, 1, 250.00, '2025-04-11 15:35:00'),
(62, 124, 3, 62, 5, 750.00, '2025-04-11 16:25:00'),
(63, 126, 5, 63, 2, 160.00, '2025-04-11 17:10:00'),
(64, 128, 7, 64, 3, 540.00, '2025-04-11 18:20:00'),
(65, 130, 8, 65, 1, 55.00, '2025-04-12 09:05:00'),
(66, 132, 9, 66, 4, 720.00, '2025-04-12 10:40:00'),
(67, 134, 10, 67, 2, 160.00, '2025-04-12 11:15:00'),
(68, 136, 15, 68, 3, 180.00, '2025-04-12 12:25:00'),
(69, 138, 13, 69, 2, 240.00, '2025-04-12 13:40:00'),
(70, 140, 6, 70, 1, 130.00, '2025-04-12 14:50:00'),
(71, 142, 14, 71, 5, 450.00, '2025-04-12 15:30:00'),
(72, 144, 4, 72, 2, 160.00, '2025-04-12 16:15:00'),
(73, 146, 11, 73, 3, 270.00, '2025-04-12 17:00:00'),
(74, 148, 2, 74, 4, 320.00, '2025-04-12 18:00:00'),
(75, 150, 3, 75, 1, 120.00, '2025-04-13 09:00:00'),
(76, 152, 15, 76, 5, 1000.00, '2025-04-13 10:35:00'),
(77, 154, 13, 77, 2, 220.00, '2025-04-13 11:30:00'),
(78, 156, 7, 78, 3, 180.00, '2025-04-13 12:20:00'),
(79, 158, 6, 79, 4, 480.00, '2025-04-13 13:40:00'),
(80, 160, 2, 80, 1, 250.00, '2025-04-13 14:20:00'),
(81, 162, 1, 81, 2, 320.00, '2025-04-13 15:05:00'),
(82, 164, 5, 82, 3, 180.00, '2025-04-13 16:00:00'),
(83, 166, 11, 83, 1, 120.00, '2025-04-13 17:15:00'),
(84, 168, 12, 84, 2, 200.00, '2025-04-13 18:00:00'),
(85, 170, 10, 85, 5, 750.00, '2025-04-14 09:25:00'),
(86, 172, 3, 86, 3, 180.00, '2025-04-14 10:40:00'),
(87, 174, 8, 87, 2, 200.00, '2025-04-14 11:50:00'),
(88, 176, 6, 88, 1, 100.00, '2025-04-14 12:10:00'),
(89, 178, 14, 89, 4, 360.00, '2025-04-14 13:00:00'),
(90, 180, 4, 90, 2, 240.00, '2025-04-14 14:10:00'),
(91, 182, 13, 91, 3, 270.00, '2025-04-14 15:25:00'),
(92, 184, 12, 92, 5, 450.00, '2025-04-14 16:40:00'),
(93, 186, 8, 93, 1, 130.00, '2025-04-14 17:15:00'),
(94, 188, 7, 94, 4, 440.00, '2025-04-14 18:00:00'),
(95, 190, 10, 95, 3, 360.00, '2025-04-15 09:25:00'),
(96, 192, 5, 96, 2, 180.00, '2025-04-15 10:00:00'),
(97, 194, 9, 97, 1, 120.00, '2025-04-15 11:35:00'),
(98, 196, 6, 98, 5, 750.00, '2025-04-15 12:50:00'),
(99, 198, 11, 99, 2, 240.00, '2025-04-15 13:30:00'),
(100, 200, 3, 100, 4, 320.00, '2025-04-15 14:45:00'),
(101, 1, 14, 51, 1, 120.00, '2025-04-15 15:10:00'),
(102, 3, 6, 52, 5, 1000.00, '2025-04-15 16:05:00'),
(103, 5, 13, 53, 2, 220.00, '2025-04-15 17:25:00'),
(104, 7, 2, 54, 3, 180.00, '2025-04-15 18:00:00'),
(105, 9, 8, 55, 1, 90.00, '2025-04-16 09:30:00'),
(106, 11, 4, 56, 2, 140.00, '2025-04-16 10:25:00'),
(107, 13, 12, 57, 4, 480.00, '2025-04-16 11:15:00'),
(108, 15, 10, 58, 2, 200.00, '2025-04-16 12:30:00'),
(109, 17, 14, 59, 3, 270.00, '2025-04-16 13:15:00'),
(110, 19, 5, 60, 1, 120.00, '2025-04-16 14:00:00'),
(111, 21, 1, 61, 5, 750.00, '2025-04-16 15:05:00'),
(112, 23, 7, 62, 4, 320.00, '2025-04-16 16:35:00'),
(113, 25, 9, 63, 2, 160.00, '2025-04-16 17:10:00'),
(114, 27, 3, 64, 3, 540.00, '2025-04-16 18:25:00'),
(115, 29, 13, 65, 1, 130.00, '2025-04-17 09:35:00'),
(116, 31, 12, 66, 5, 450.00, '2025-04-17 10:50:00'),
(117, 33, 6, 67, 2, 160.00, '2025-04-17 11:40:00'),
(118, 35, 2, 68, 4, 320.00, '2025-04-17 12:15:00'),
(119, 37, 10, 69, 3, 270.00, '2025-04-17 13:00:00'),
(120, 39, 14, 70, 2, 240.00, '2025-04-17 14:05:00'),
(121, 41, 5, 71, 1, 120.00, '2025-04-17 15:25:00'),
(122, 43, 11, 72, 2, 180.00, '2025-04-17 16:40:00'),
(123, 45, 7, 73, 4, 320.00, '2025-04-17 17:20:00'),
(124, 47, 6, 74, 1, 100.00, '2025-04-17 18:00:00'),
(125, 49, 1, 75, 3, 360.00, '2025-04-18 09:40:00'),
(126, 51, 3, 76, 5, 1000.00, '2025-04-18 10:30:00'),
(127, 53, 12, 77, 2, 220.00, '2025-04-18 11:10:00'),
(128, 55, 9, 78, 4, 320.00, '2025-04-18 12:00:00'),
(129, 57, 10, 79, 1, 130.00, '2025-04-18 13:30:00'),
(130, 59, 13, 80, 3, 270.00, '2025-04-18 14:15:00'),
(131, 61, 2, 81, 2, 200.00, '2025-04-18 15:00:00'),
(132, 63, 15, 82, 5, 450.00, '2025-04-18 16:20:00'),
(133, 65, 6, 83, 4, 320.00, '2025-04-18 17:25:00'),
(134, 67, 7, 84, 3, 270.00, '2025-04-18 18:40:00'),
(135, 69, 5, 85, 1, 120.00, '2025-04-19 09:00:00'),
(136, 71, 14, 86, 4, 360.00, '2025-04-19 10:40:00'),
(137, 73, 12, 87, 2, 220.00, '2025-04-19 11:15:00'),
(138, 75, 3, 88, 5, 750.00, '2025-04-19 12:10:00'),
(139, 77, 13, 89, 3, 270.00, '2025-04-19 13:25:00'),
(140, 79, 10, 90, 2, 160.00, '2025-04-19 14:00:00'),
(141, 81, 6, 91, 1, 130.00, '2025-04-19 15:05:00'),
(142, 83, 4, 92, 5, 450.00, '2025-04-19 16:40:00'),
(143, 85, 1, 93, 4, 320.00, '2025-04-19 17:00:00'),
(144, 87, 12, 94, 3, 270.00, '2025-04-19 18:20:00'),
(145, 89, 7, 95, 1, 100.00, '2025-04-20 09:15:00'),
(146, 91, 5, 96, 2, 180.00, '2025-04-20 10:35:00'),
(147, 93, 3, 97, 4, 320.00, '2025-04-20 11:25:00'),
(148, 95, 15, 98, 3, 270.00, '2025-04-20 12:50:00'),
(149, 97, 14, 99, 2, 200.00, '2025-04-20 13:35:00'),
(150, 99, 10, 100, 1, 120.00, '2025-04-20 14:20:00');

select * from Sales;

INSERT INTO Consultation (consultation_id, doctor_id, customer_id, diagnosis, consultation_date, fee_paid) VALUES
(1, 1, 1, 'Fever, sore throat, and cough', '2025-04-06 10:00:00', 500.00),
(2, 2, 3, 'Migraine with nausea and vomiting', '2025-04-06 10:30:00', 400.00),
(3, 3, 5, 'Chronic back pain', '2025-04-06 11:00:00', 350.00),
(4, 4, 7, 'Skin rash and itching', '2025-04-06 11:30:00', 600.00),
(5, 5, 9, 'Asthma and shortness of breath', '2025-04-06 12:00:00', 700.00),
(6, 1, 11, 'Seasonal allergies', '2025-04-06 12:30:00', 450.00),
(7, 2, 13, 'High blood pressure', '2025-04-06 13:00:00', 550.00),
(8, 3, 15, 'Stomach ulcer and indigestion', '2025-04-06 13:30:00', 400.00),
(9, 4, 17, 'Joint pain and swelling', '2025-04-06 14:00:00', 300.00),
(10, 5, 19, 'Sinus infection and headache', '2025-04-06 14:30:00', 500.00),
(11, 1, 21, 'Fever, chills, and body aches', '2025-04-06 15:00:00', 450.00),
(12, 2, 23, 'Cough and chest congestion', '2025-04-06 15:30:00', 400.00),
(13, 3, 25, 'Diabetes management consultation', '2025-04-06 16:00:00', 600.00),
(14, 4, 27, 'Dry eyes and blurry vision', '2025-04-06 16:30:00', 350.00),
(15, 5, 29, 'Ear infection and pain', '2025-04-06 17:00:00', 450.00),
(16, 1, 31, 'Cold and nasal congestion', '2025-04-06 17:30:00', 300.00),
(17, 2, 33, 'Fatigue and weakness', '2025-04-06 18:00:00', 350.00),
(18, 3, 35, 'Urinary tract infection', '2025-04-06 18:30:00', 400.00),
(19, 4, 37, 'Acid reflux and heartburn', '2025-04-06 19:00:00', 500.00),
(20, 5, 39, 'Throat infection and cough', '2025-04-06 19:30:00', 600.00),
(21, 1, 41, 'Joint stiffness and swelling', '2025-04-07 09:00:00', 500.00),
(22, 2, 43, 'Asthma flare-up and shortness of breath', '2025-04-07 09:30:00', 700.00),
(23, 3, 45, 'Chronic headaches and dizziness', '2025-04-07 10:00:00', 400.00),
(24, 4, 47, 'Stomach cramps and nausea', '2025-04-07 10:30:00', 350.00),
(25, 5, 49, 'Seasonal allergy symptoms', '2025-04-07 11:00:00', 450.00),
(26, 1, 51, 'Cold, cough, and sore throat', '2025-04-07 11:30:00', 300.00),
(27, 2, 53, 'Insomnia and stress-related symptoms', '2025-04-07 12:00:00', 400.00),
(28, 3, 55, 'High cholesterol management', '2025-04-07 12:30:00', 500.00),
(29, 4, 57, 'Knee pain and swelling', '2025-04-07 13:00:00', 600.00),
(30, 5, 59, 'Chest pain and breathing difficulties', '2025-04-07 13:30:00', 700.00),
(31, 1, 61, 'Cough and chest pain', '2025-04-07 14:00:00', 450.00),
(32, 2, 63, 'Back pain and muscle tension', '2025-04-07 14:30:00', 350.00),
(33, 3, 65, 'Headache and nausea', '2025-04-07 15:00:00', 400.00),
(34, 4, 67, 'Sinus infection', '2025-04-07 15:30:00', 500.00),
(35, 5, 69, 'Cough and fatigue', '2025-04-07 16:00:00', 600.00),
(36, 1, 71, 'Fever and sore throat', '2025-04-07 16:30:00', 500.00),
(37, 2, 73, 'High blood pressure check-up', '2025-04-07 17:00:00', 550.00),
(38, 3, 75, 'Asthma management consultation', '2025-04-07 17:30:00', 650.00),
(39, 4, 77, 'Skin rash', '2025-04-07 18:00:00', 350.00),
(40, 5, 79, 'Cold and cough', '2025-04-07 18:30:00', 300.00),
(41, 1, 81, 'Joint pain and muscle weakness', '2025-04-08 09:00:00', 450.00),
(42, 2, 83, 'Seasonal allergies and congestion', '2025-04-08 09:30:00', 400.00),
(43, 3, 85, 'Diabetes check-up and management', '2025-04-08 10:00:00', 600.00),
(44, 4, 87, 'Headaches and lightheadedness', '2025-04-08 10:30:00', 400.00),
(45, 5, 89, 'Respiratory issues and shortness of breath', '2025-04-08 11:00:00', 650.00),
(46, 1, 91, 'Cough and mild fever', '2025-04-08 11:30:00', 300.00),
(47, 2, 93, 'Fatigue and dizziness', '2025-04-08 12:00:00', 350.00),
(48, 3, 95, 'Stomach pain and bloating', '2025-04-08 12:30:00', 400.00),
(49, 4, 97, 'Dry skin and itching', '2025-04-08 13:00:00', 500.00),
(50, 5, 99, 'Cough and mild cold', '2025-04-08 13:30:00', 300.00),
(51, 1, 101, 'Stomach upset and indigestion', '2025-04-08 14:00:00', 350.00),
(52, 2, 103, 'Ear pain and dizziness', '2025-04-08 14:30:00', 400.00),
(53, 3, 105, 'Chronic cough and chest pain', '2025-04-08 15:00:00', 450.00),
(54, 4, 107, 'Joint stiffness and pain', '2025-04-08 15:30:00', 600.00),
(55, 5, 109, 'Fever and chills', '2025-04-08 16:00:00', 500.00),
(56, 1, 111, 'Cough and sore throat', '2025-04-08 16:30:00', 300.00),
(57, 2, 113, 'High blood pressure consultation', '2025-04-08 17:00:00', 500.00),
(58, 3, 115, 'Back pain and muscle tension', '2025-04-08 17:30:00', 350.00),
(59, 4, 117, 'Throat pain and dry cough', '2025-04-08 18:00:00', 450.00),
(60, 5, 119, 'Chest pain and difficulty breathing', '2025-04-08 18:30:00', 600.00),
(61, 1, 121, 'Severe headache and nausea', '2025-04-09 09:00:00', 400.00),
(62, 2, 123, 'Shortness of breath and fatigue', '2025-04-09 09:30:00', 550.00),
(63, 3, 125, 'Acid reflux and heartburn', '2025-04-09 10:00:00', 500.00),
(64, 4, 127, 'Joint pain and stiffness', '2025-04-09 10:30:00', 450.00),
(65, 5, 129, 'Asthma and wheezing', '2025-04-09 11:00:00', 600.00),
(66, 1, 131, 'Seasonal allergies and nasal congestion', '2025-04-09 11:30:00', 350.00),
(67, 2, 133, 'Tiredness and fatigue', '2025-04-09 12:00:00', 400.00),
(68, 3, 135, 'Cough and chest tightness', '2025-04-09 12:30:00', 450.00),
(69, 4, 137, 'Headache and lightheadedness', '2025-04-09 13:00:00', 350.00),
(70, 5, 139, 'Chest pain and coughing', '2025-04-09 13:30:00', 500.00),
(71, 1, 141, 'Nausea and dizziness', '2025-04-09 14:00:00', 400.00),
(72, 2, 143, 'Back pain and swelling', '2025-04-09 14:30:00', 350.00),
(73, 3, 145, 'Mild fever and chills', '2025-04-09 15:00:00', 300.00),
(74, 4, 147, 'Stomach bloating and indigestion', '2025-04-09 15:30:00', 350.00),
(75, 5, 149, 'Throat infection and cough', '2025-04-09 16:00:00', 500.00),
(76, 1, 151, 'Cough and headache', '2025-04-09 16:30:00', 300.00),
(77, 2, 153, 'Fever and fatigue', '2025-04-09 17:00:00', 350.00),
(78, 3, 155, 'Cold and cough', '2025-04-09 17:30:00', 300.00),
(79, 4, 157, 'Chest tightness and wheezing', '2025-04-09 18:00:00', 450.00),
(80, 5, 159, 'Fatigue and dizziness', '2025-04-09 18:30:00', 350.00),
(81, 1, 161, 'Painful joints and swelling', '2025-04-10 09:00:00', 450.00),
(82, 2, 163, 'Asthma and shortness of breath', '2025-04-10 09:30:00', 650.00),
(83, 3, 165, 'Diabetes management consultation', '2025-04-10 10:00:00', 600.00),
(84, 4, 167, 'Rash and irritation', '2025-04-10 10:30:00', 500.00),
(85, 5, 169, 'Cough and fatigue', '2025-04-10 11:00:00', 350.00),
(86, 1, 171, 'Joint pain and back stiffness', '2025-04-10 11:30:00', 400.00),
(87, 2, 173, 'Cold, cough, and sore throat', '2025-04-10 12:00:00', 350.00),
(88, 3, 175, 'Nausea and stomach cramps', '2025-04-10 12:30:00', 400.00),
(89, 4, 177, 'Heartburn and acidity', '2025-04-10 13:00:00', 450.00),
(90, 5, 179, 'Fatigue and dizziness', '2025-04-10 13:30:00', 350.00),
(91, 1, 181, 'Cough and chest pain', '2025-04-10 14:00:00', 450.00),
(92, 2, 183, 'Throat pain and dry cough', '2025-04-10 14:30:00', 400.00),
(93, 3, 185, 'Fatigue and shortness of breath', '2025-04-10 15:00:00', 500.00),
(94, 4, 187, 'Joint stiffness and pain', '2025-04-10 15:30:00', 350.00),
(95, 5, 189, 'Cold, fever, and fatigue', '2025-04-10 16:00:00', 300.00),
(96, 1, 191, 'Migraine and neck pain', '2025-04-10 16:30:00', 400.00),
(97, 2, 193, 'Respiratory issues and cough', '2025-04-10 17:00:00', 450.00),
(98, 3, 195, 'Headache and fatigue', '2025-04-10 17:30:00', 400.00),
(99, 4, 197, 'Asthma and chest pain', '2025-04-10 18:00:00', 550.00),
(100, 5, 199, 'Nasal congestion and headache', '2025-04-10 18:30:00', 350.00);

select * from Consultation;


INSERT INTO Prescription (prescription_id, customer_id, doctor_id, medicine_id, consultation_id, dosage, prescription_date)
VALUES
(1, 1, 1, 2, 1, '1 tablet twice daily', '2025-04-06'),
(2, 3, 2, 5, 2, '1 capsule after meals', '2025-04-06'),
(3, 5, 3, 7, 3, '2 teaspoons thrice a day', '2025-04-06'),
(4, 7, 4, 10, 4, '1 tablet at bedtime', '2025-04-06'),
(5, 9, 5, 12, 5, '2 tablets in the morning', '2025-04-06'),
(6, 11, 1, 14, 6, '1 tablet before lunch', '2025-04-06'),
(7, 13, 2, 16, 7, '1 capsule in the evening', '2025-04-06'),
(8, 15, 3, 18, 8, '1 tablet every 6 hours', '2025-04-06'),
(9, 17, 4, 20, 9, '1 tablet after meals', '2025-04-06'),
(10, 19, 5, 22, 10, '1 capsule before breakfast', '2025-04-06'),
(11, 21, 1, 24, 11, '2 tablets once a day', '2025-04-07'),
(12, 23, 2, 26, 12, '1 teaspoon twice a day', '2025-04-07'),
(13, 25, 3, 28, 13, '1 tablet every 8 hours', '2025-04-07'),
(14, 27, 4, 30, 14, '1 tablet in the morning and evening', '2025-04-07'),
(15, 29, 5, 32, 15, '1 capsule before dinner', '2025-04-07'),
(16, 31, 1, 34, 16, '2 tablets after meals', '2025-04-07'),
(17, 33, 2, 36, 17, '1 tablet twice daily', '2025-04-07'),
(18, 35, 3, 38, 18, '1 teaspoon before meals', '2025-04-07'),
(19, 37, 4, 40, 19, '1 tablet in the evening', '2025-04-07'),
(20, 39, 5, 42, 20, '1 capsule twice daily', '2025-04-07'),
(21, 41, 1, 44, 21, '1 tablet in the morning', '2025-04-08'),
(22, 43, 2, 46, 22, '2 tablets after meals', '2025-04-08'),
(23, 45, 3, 48, 23, '1 capsule once a day', '2025-04-08'),
(24, 47, 4, 50, 24, '1 tablet before breakfast', '2025-04-08'),
(25, 49, 5, 52, 25, '1 teaspoon three times a day', '2025-04-08'),
(26, 51, 1, 54, 26, '1 tablet twice a day', '2025-04-08'),
(27, 53, 2, 56, 27, '2 capsules before meals', '2025-04-08'),
(28, 55, 3, 58, 28, '1 tablet after lunch', '2025-04-08'),
(29, 57, 4, 60, 29, '1 tablet before sleep', '2025-04-08'),
(30, 59, 5, 62, 30, '2 teaspoons in the morning', '2025-04-08'),
(31, 61, 1, 64, 31, '1 capsule after meals', '2025-04-09'),
(32, 63, 2, 66, 32, '1 tablet every 6 hours', '2025-04-09'),
(33, 65, 3, 68, 33, '2 tablets once a day', '2025-04-09'),
(34, 67, 4, 70, 34, '1 capsule before breakfast', '2025-04-09'),
(35, 69, 5, 72, 35, '1 tablet before lunch', '2025-04-09'),
(36, 71, 1, 74, 36, '1 tablet before dinner', '2025-04-09'),
(37, 73, 2, 76, 37, '1 capsule twice a day', '2025-04-09'),
(38, 75, 3, 78, 38, '2 tablets at bedtime', '2025-04-09'),
(39, 77, 4, 80, 39, '1 teaspoon after meals', '2025-04-09'),
(40, 79, 5, 82, 40, '1 tablet in the evening', '2025-04-09'),
(41, 81, 1, 84, 41, '1 tablet twice daily', '2025-04-10'),
(42, 83, 2, 86, 42, '1 capsule before lunch', '2025-04-10'),
(43, 85, 3, 88, 43, '2 tablets every 8 hours', '2025-04-10'),
(44, 87, 4, 90, 44, '1 tablet after meals', '2025-04-10'),
(45, 89, 5, 92, 45, '1 teaspoon three times a day', '2025-04-10'),
(46, 91, 1, 94, 46, '2 tablets before meals', '2025-04-10'),
(47, 93, 2, 96, 47, '1 tablet once a day', '2025-04-10'),
(48, 95, 3, 98, 48, '1 capsule before bedtime', '2025-04-10'),
(49, 97, 4, 100, 49, '1 tablet after meals', '2025-04-10'),
(50, 99, 5, 2, 50, '1 tablet twice a day', '2025-04-10');

select * from Prescription;